{
  "model_name": "xlm-roberta-large",
  "max_length": 512,
  "batch_size": 16,
  "learning_rate": 2e-05,
  "warmup_ratio": 0.1,
  "weight_decay": 0.01,
  "dropout": 0.1,
  "use_pos_weight": true,
  "seed": 42,
  "optimal_threshold": 0.5500000000000002,
  "best_dev_f1_macro": 0.7689269490529494,
  "dev_metrics": {
    "f1_macro": 0.7689269490529494,
    "f1_micro": 0.7854477611940298,
    "f1_weighted": 0.7849970839085567,
    "precision_macro": 0.7561223863907263,
    "recall_macro": 0.7871398744005154,
    "hamming_loss": 0.10141093474426807,
    "threshold": 0.5500000000000002,
    "f1_sadness": 0.8302972195589645,
    "f1_joy": 0.6785714285714286,
    "f1_love": 0.6848249027237354,
    "f1_anger": 0.775438596491228,
    "f1_fear": 0.757201646090535,
    "f1_surprise": 0.8421052631578947,
    "f1_Nuetral/unclear": 0.8140495867768595
  }
}