{
  "model_name": "microsoft/mdeberta-v3-base",
  "max_length": 128,
  "batch_size": 16,
  "learning_rate": 2e-05,
  "warmup_ratio": 0.1,
  "weight_decay": 0.01,
  "dropout": 0.1,
  "use_pos_weight": true,
  "seed": 42,
  "optimal_threshold": 0.6500000000000001,
  "best_dev_f1_macro": 0.6380805581122299,
  "dev_metrics": {
    "f1_macro": 0.6380805581122299,
    "f1_micro": 0.6586675086832965,
    "f1_weighted": 0.6638495440649194,
    "precision_macro": 0.6216107535307861,
    "recall_macro": 0.6609289359345393,
    "hamming_loss": 0.1588771310993533,
    "threshold": 0.6500000000000001,
    "f1_sadness": 0.7194092827004219,
    "f1_joy": 0.4583333333333333,
    "f1_love": 0.625,
    "f1_anger": 0.6714542190305206,
    "f1_fear": 0.5802707930367504,
    "f1_surprise": 0.6626506024096386,
    "f1_neutral/unclear": 0.7494456762749445
  }
}