{
  "train_loss": [
    1.068794662537782
  ],
  "dev_loss": [
    1.0254478317040663
  ],
  "dev_metrics": [
    {
      "rouge1_f1": 0.018172251095345468
    }
  ]
}